technology_name,category,suitable_crops,implementation_cost,roi_percentage,technical_requirements,training_needs,supplier_contacts,district_availability
Drone Spraying,Precision Agriculture,"All field crops",50000,30,"Drone operator,Smartphone","2-day training","AgriDrone Solutions: 9876543210","All districts"
Solar Water Pump,Irrigation,All,120000,40,"Sunny location,Groundwater","Installation support","SuryaKrishi: 8765432109","All districts"
Drip Irrigation System,Irrigation,"Vegetables,Fruits,Cash crops",80000,45,"Water source,Electricity","3-day training","NetaJain Irrigation: 9988776655","All districts"
Soil Testing Kit,Soil Management,All,15000,25,"Basic education,Sample collection","1-day training","SoilTech Labs: 8899776655","All districts"
Weather Station,Climate Monitoring,All,35000,35,"Internet connectivity,Power supply","2-day training","WeatherWise Agri: 7766554433","All districts"
Mulching Machine,Crop Management,"Sugarcane,Cotton,Vegetables",180000,35,"Tractor PTO,Skilled operator","4-day training","AgriMech Industries: 9876123456","All districts"
Seed Drill,Planting Technology,"Cereals,Pulses,Oilseeds",85000,40,"Tractor compatibility,Field preparation","2-day training","KrishiTools Pvt Ltd: 8765987654","All districts"
Combine Harvester,Harvesting,"Rice,Wheat,Maize",2500000,25,"Large fields,Storage facility","1-week training","HarvestKing Machinery: 9123456789","Plain districts"
Greenhouse Technology,Protected Cultivation,"Vegetables,Flowers,Nursery",300000,50,"Level land,Water supply,Electricity","1-week training","PolyHouse Solutions: 8234567890","All districts"
Biogas Plant,Renewable Energy,"Dairy,Poultry,Mixed farming",150000,30,"Cattle dung,Water supply","3-day training","BioenergY Systems: 7345678901","All districts"
Vermicomposting Unit,Organic Fertilizer,All,25000,60,"Organic waste,Shade area","2-day training","OrganicWorms Co: 6456789012","All districts"
Mobile Cold Storage,Post Harvest,"Fruits,Vegetables,Flowers",800000,35,"Electricity,Transportation","5-day training","CoolChain Technologies: 9567890123","All districts"
Precision Planter,Planting Technology,"Cotton,Maize,Sunflower",150000,38,"GPS system,Tractor PTO","3-day training","PrecisionFarm Tech: 8678901234","All districts"
Automatic Milking Machine,Dairy Technology,Dairy farming,75000,45,"Electricity,Clean water","2-day training","DairyTech Solutions: 7789012345","All districts"
Integrated Pest Management Kit,Pest Control,All,20000,55,"Field monitoring,Record keeping","3-day training","IPM Technologies: 6890123456","All districts"
Hydroponic System,Soilless Cultivation,"Leafy vegetables,Tomato,Capsicum",200000,65,"Controlled environment,Technical knowledge","1-week training","HydroGrow Systems: 9901234567","All districts"
Agricultural Robot,Automation,Large scale farming,500000,28,"Technical expertise,Maintenance support","2-week training","AgroBot Industries: 8012345678","Selected districts"
Fertigation System,Nutrient Management,"High value crops,Orchards",120000,42,"Drip system,Water soluble fertilizers","4-day training","FertiFlow Technologies: 7123456789","All districts"
Livestock Monitoring System,Animal Husbandry,"Dairy,Goat,Sheep",45000,40,"Internet connectivity,Mobile app","2-day training","LivestockTrack: 6234567890","All districts"
Grain Storage Silo,Storage Technology,"Cereals,Pulses",400000,30,"Cement platform,Electricity","3-day training","StorageMax Systems: 9345678901","All districts"
Crop Health Scanner,Disease Detection,All,30000,50,"Smartphone,Internet","1-day training","CropScan Technologies: 8456789012","All districts"
Automated Irrigation Controller,Smart Irrigation,All irrigated crops,60000,48,"Irrigation system,Sensors","2-day training","SmartWater Systems: 7567890123","All districts"
Solar Dehydrator,Food Processing,"Fruits,Vegetables,Spices",85000,55,"Solar exposure,Ventilation","3-day training","SolarDry Solutions: 6678901234","All districts"
Tractor Guidance System,Precision Agriculture,Large field operations,180000,32,"Modern tractor,GPS","4-day training","NaviFarm Technologies: 9789012345","All districts"
Poultry Environment Controller,Livestock Technology,Poultry farming,95000,38,"Poultry shed,Electricity","3-day training","PoultryTech Systems: 8890123456","All districts"
Aquaponics System,Integrated Farming,"Fish,Vegetables",250000,45,"Water source,Technical knowledge","1-week training","AquaGrow Solutions: 7901234567","All districts"
Biomass Briquette Machine,Renewable Energy,"Crop residue management",120000,35,"Crop residues,Power supply","2-day training","BioBriquette Tech: 6012345678","All districts"
Automatic Transplanter,Planting Technology,"Rice,Vegetables",220000,40,"Nursery preparation,Skilled operator","5-day training","TransplantPro Systems: 9123567890","Rice growing districts"
Digital Weighing Scale,Market Technology,All commercial crops,25000,45,"Electricity,Calibration","1-day training","WeighRight Technologies: 8234678901","All districts"
Mushroom Growing Kit,Specialty Crops,Mushroom cultivation,15000,80,"Controlled environment,Sterile conditions","2-day training","MushroomTech Co: 7345789012","All districts"
Automatic Egg Incubator,Poultry Technology,Poultry breeding,35000,50,"Electricity,Temperature control","2-day training","HatchTech Systems: 6456890123","All districts"
Silage Making Machine,Fodder Management,"Dairy,Livestock",160000,35,"Tractor PTO,Fodder crops","3-day training","FodderTech Solutions: 9567901234","All districts"
Fish Feed Pellet Machine,Aquaculture,Fish farming,80000,55,"Raw materials,Power supply","2-day training","AquaFeed Technologies: 8678012345","All districts"
Automatic Seeder,Planting Technology,"Vegetables,Small seeds",45000,42,"Field preparation,Seed treatment","2-day training","SeedTech Systems: 7789123456","All districts"
Portable Soil pH Meter,Soil Testing,All,8000,60,"Battery,Calibration solution","Half-day training","SoilMeter Co: 6890234567","All districts"
Crop Residue Shredder,Waste Management,"Cereals,Sugarcane",95000,38,"Tractor PTO,Sharp blades","2-day training","ShredTech Industries: 9901345678","All districts"
Automatic Chicken Feeder,Poultry Automation,Poultry farming,18000,50,"Electricity,Timer system","1-day training","FeedTech Systems: 8012456789","All districts"
Solar Fence Energizer,Farm Protection,All,12000,40,"Solar panel,Fencing wire","1-day training","FenceTech Solutions: 7123567890","All districts"
Leaf Color Chart,Nutrient Management,"Rice,Wheat,Sugarcane",500,200,"Field observation,Training","Half-day training","CropNutrition Tools: 6234678901","All districts"
Pheromone Traps,Integrated Pest Management,All,2000,150,"Trap installation,Monitoring","1-day training","PestTrap Technologies: 9345789012","All districts"
Digital Moisture Meter,Grain Storage,"Cereals,Pulses,Oilseeds",6000,45,"Battery,Calibration","Half-day training","MoistureTech Co: 8456890123","All districts"
Automatic Fish Feeder,Aquaculture,Fish farming,25000,55,"Electricity,Timer control","1-day training","FishFeed Systems: 7567901234","All districts"
Crop Canopy Analyzer,Research Tool,All research crops,150000,25,"Technical training,Data analysis","1-week training","ResearchTech Solutions: 6678012345","Research stations"
Portable Weather Station,Microclimate Monitoring,All,28000,38,"Data logger,Internet","2-day training","MicroWeather Systems: 9789123456","All districts"
Automatic Ventilation System,Livestock Housing,"Dairy,Poultry",65000,42,"Shed design,Electricity","3-day training","VentTech Solutions: 8890234567","All districts"
Seed Treatment Machine,Seed Technology,All,75000,40,"Chemical treatment,Safety equipment","2-day training","SeedCare Technologies: 7901345678","All districts"